Item ID,Site,Item Name,SKU,Quantity,Reorder Threshold,Optimum Threshold
10110,Dieppe Retail,1 person tent,11112,10,5,10
10111,Dieppe Retail,1 person tent,11113,10,5,10
10127,Dieppe Retail,10 person tent,11129,10,5,10
10128,Dieppe Retail,10 person tent,11130,10,5,10
10314,Dieppe Retail,101,74209,10,5,10
10330,Dieppe Retail,10pc Golf Balls,52731,10,5,10
10315,Dieppe Retail,1100,74210,10,5,10
10316,Dieppe Retail,1400v6,74211,10,5,10
10334,Dieppe Retail,14pc Graphite Golf Club Set,52735,10,5,10
10332,Dieppe Retail,14pc Wood Golf Club Set,52733,10,5,10
10730,Dieppe Retail,"15"" Microfiber Cart Towel",30008,10,5,10
10317,Dieppe Retail,1500T2,74212,10,5,10
10318,Dieppe Retail,1500v4,74213,10,5,10
10319,Dieppe Retail,1500v5,74214,10,5,10
10320,Dieppe Retail,1540v2,74215,10,5,10
10731,Dieppe Retail,"17"" Microfiber Players Towel",30008,10,5,10
10321,Dieppe Retail,1865,74216,10,5,10
10113,Dieppe Retail,2 person tent,11115,10,5,10
10112,Dieppe Retail,2 person tent,11114,10,5,10
10425,Dieppe Retail,2017 TP5 Golf Balls,52826,10,5,10
10426,Dieppe Retail,2017 TP5x Golf Balls,52827,10,5,10
10306,Dieppe Retail,247,74201,10,5,10
10322,Dieppe Retail,247 Classic,74217,10,5,10
10323,Dieppe Retail,247 Decon,74218,10,5,10
10068,Dieppe Retail,24in. Sport Carry Bag - '17 Model,60068,10,5,10
10115,Dieppe Retail,3 person tent,11117,10,5,10
10114,Dieppe Retail,3 person tent,11116,10,5,10
10117,Dieppe Retail,4 person tent,11119,10,5,10
10116,Dieppe Retail,4 person tent,11118,10,5,10
10630,Dieppe Retail,4+1 Harness,21334,10,5,10
10478,Dieppe Retail,"44"" Eco-Composite Backboard & Rim Combo",12138,10,5,10
10211,Dieppe Retail,5 pack bungies,11213,10,5,10
10212,Dieppe Retail,5 pack bungies,11214,10,5,10
10118,Dieppe Retail,5 person tent,11120,10,5,10
10119,Dieppe Retail,5 person tent,11121,10,5,10
10130,Dieppe Retail,"5"" knife",11132,10,5,10
10129,Dieppe Retail,"5"" knife",11131,10,5,10
10331,Dieppe Retail,50pc Golf Balls,52732,10,5,10
10485,Dieppe Retail,"54"" Acrylic Backboard and Rim Combo Basketball Hoop",12145,10,5,10
10308,Dieppe Retail,574 Core,74203,10,5,10
10213,Dieppe Retail,6 pack bungies,11215,10,5,10
10214,Dieppe Retail,6 pack bungies,11216,10,5,10
10121,Dieppe Retail,6 person tent,11123,10,5,10
10120,Dieppe Retail,6 person tent,11122,10,5,10
10131,Dieppe Retail,"6"" knife",11133,10,5,10
10132,Dieppe Retail,"6"" knife",11134,10,5,10
10729,Dieppe Retail,"60"" Single Canopy Umbrella",30008,10,5,10
10728,Dieppe Retail,"64"" Double Canopy Umbrella",30007,10,5,10
10067,Dieppe Retail,650 Large Carry Hockey Equipment Bag,60067,10,5,10
10123,Dieppe Retail,7 person tent,11125,10,5,10
10122,Dieppe Retail,7 person tent,11124,10,5,10
10133,Dieppe Retail,"7"" knife",11135,10,5,10
10134,Dieppe Retail,"7"" knife",11136,10,5,10
10125,Dieppe Retail,8 person tent,11127,10,5,10
10124,Dieppe Retail,8 person tent,11126,10,5,10
10135,Dieppe Retail,"8"" knife",11137,10,5,10
10136,Dieppe Retail,"8"" knife",11138,10,5,10
10071,Dieppe Retail,850 Large Wheeled Hockey Equipment Bag,60071,10,5,10
10313,Dieppe Retail,860v9,74208,10,5,10
10310,Dieppe Retail,880v8,74205,10,5,10
10126,Dieppe Retail,9 person tent,11128,10,5,10
10137,Dieppe Retail,"9"" knife",11139,10,5,10
10138,Dieppe Retail,"9"" knife",11140,10,5,10
10536,Dieppe Retail,"9"" NEON CONES - 4PK",12196,10,5,10
10523,Dieppe Retail,"9"" NEON CONES - 4PK",12183,10,5,10
10069,Dieppe Retail,950 Large Wheeled Hockey Equipment Bag,60069,10,5,10
10070,Dieppe Retail,950 Medium Wheeled Hockey Equipment Bag,60070,10,5,10
10312,Dieppe Retail,990v4 Made in US,74207,10,5,10
10333,Dieppe Retail,9pc Iron Set,52734,10,5,10
10622,Dieppe Retail,A-5 Paintball Marker with Response Trigger,68456,10,5,10
10547,Dieppe Retail,Acrylic Backboard and Rim Combo,12207,10,5,10
10473,Dieppe Retail,Acrylic Backboard and Rim Combo,12133,10,5,10
10546,Dieppe Retail,Acrylic Backboard and Rim Combo Basketball Hoop,12206,10,5,10
10641,Dieppe Retail,Adjustable Tactical Military and Hunting Vest By Modern Warrior (Black),49928,10,5,10
10501,Dieppe Retail,AIR PRESSURE GAUGES,12161,10,5,10
10628,Dieppe Retail,Airsoft Paintball Dummy Gas Mask with Fan,35575,10,5,10
10493,Dieppe Retail,ALL WEATHER BASKETBALL NET,12153,10,5,10
10602,Dieppe Retail,ANCHOR-W Net Installation Hardware for Wood Walls,39850,10,5,10
10625,Dieppe Retail,Anti-Fog Paintball Mask with Double-Elastic Strap  Black,81802,10,5,10
10540,Dieppe Retail,Arena Foam Backboard Pad,12200,10,5,10
10479,Dieppe Retail,"ARENA VIEW H-SERIES 72"" ADJUSTABLE HEIGHT IN-GROUND",12139,10,5,10
10510,Dieppe Retail,"ARENA VIEW H-SERIES 72"" ADJUSTABLE HEIGHT IN-GROUND",12170,10,5,10
10567,Dieppe Retail,ASICS Women's Gel Flashpoint 2 Indoor Court Shoes - Navy/Blue/Pink,85805,10,5,10
10464,Dieppe Retail,AUTOGRAPH BASKETBALL,12124,10,5,10
10554,Dieppe Retail,AVP Special Edition Volleyball,62788,10,5,10
10300,Dieppe Retail,AZTREK X BILLYS TOKYO,53800,10,5,10
10543,Dieppe Retail,Back Atcha Ball Return Training Aid,12203,10,5,10
10593,Dieppe Retail,Baseline Popup 3 Metre Badminton Net Set,11411,10,5,10
10535,Dieppe Retail,Basketball Court Marking Kit,12195,10,5,10
10500,Dieppe Retail,Basketball Maintenance Kit,12160,10,5,10
10504,Dieppe Retail,BASKETBALL PUMP,12164,10,5,10
10531,Dieppe Retail,BASKETBALL TUNE-UP KIT,12191,10,5,10
10502,Dieppe Retail,BASKETBALL TUNE-UP KIT,12162,10,5,10
10597,Dieppe Retail,BIKSP.NY Portable Volleyball Cart - Navy,74520,10,5,10
10207,Dieppe Retail,Binocular,11209,10,5,10
10208,Dieppe Retail,Binocular,11210,10,5,10
10090,Dieppe Retail,Black Stick Tape,60090,10,5,10
10092,Dieppe Retail,Black Stick Tape,60092,10,5,10
10586,Dieppe Retail,Bolt Volleyball Backpack - Black,60230,10,5,10
10797,Dieppe Retail,Boy's Dry Elite Camo Print Basketball Shorts,22022,10,5,10
10872,Dieppe Retail,Boy's Sportswear Sherpa Windrunner Jacket,88444,10,5,10
10790,Dieppe Retail,Boy's Trophy Training Shorts,32542,10,5,10
10852,Dieppe Retail,Boys' Dry Elite Graphic Basketball Shorts,23620,10,5,10
10783,Dieppe Retail,Boys' Dry Elite Stripe Basketball Shorts,35235,10,5,10
10840,Dieppe Retail,Boys' Dry KD Graphic Basketball Shorts,85645,10,5,10
10836,Dieppe Retail,Boys' Dry Kyrie Graphic Basketball Shorts,35326,10,5,10
10857,Dieppe Retail,Boys' Dry LBJ Graphic Basketball Shorts,75775,10,5,10
10779,Dieppe Retail,Boys' Dry Legend Short Sleeve Shirt,23123,10,5,10
10809,Dieppe Retail,Boys' Dry Printed Fly Training Shorts,68276,10,5,10
10817,Dieppe Retail,Boys' Dry-FIT Elite Stripe Basketball Shorts,51298,10,5,10
10860,Dieppe Retail,Boys' Graphic Fly Training Shorts,36234,10,5,10
10804,Dieppe Retail,Boys' Just Do It Printed Fly Shorts,27434,10,5,10
10867,Dieppe Retail,Boys' Sportswear Graphic Windrunner Jacket,99444,10,5,10
10097,Dieppe Retail,Bucket of Pucks,60097,10,5,10
10240,Dieppe Retail,Burton Ion Leather Snowboard Boot,15085,10,5,10
10721,Dieppe Retail,Burton Retro Pullover Hoodie - TRB,20070,10,5,10
10238,Dieppe Retail,Burton Swath Snowboard Boot,20316,10,5,10
10160,Dieppe Retail,Camp Frying Pan,11162,10,5,10
10159,Dieppe Retail,Camp Frying Pan,11161,10,5,10
10552,Dieppe Retail,Canada Official Size Replica Volleyball,79030,10,5,10
10338,Dieppe Retail,Canvas Golf Bag,52739,10,5,10
10337,Dieppe Retail,Canvas Golf Bag,52738,10,5,10
10339,Dieppe Retail,Canvas Golf Bag,52740,10,5,10
10340,Dieppe Retail,Canvas Golf Bag,52741,10,5,10
10341,Dieppe Retail,Canvas Golf Bag,52742,10,5,10
10342,Dieppe Retail,Canvas Golf Bag,52743,10,5,10
10733,Dieppe Retail,Carlsbad T-Shirt,30008,10,5,10
10748,Dieppe Retail,Cart Mittens,30008,10,5,10
10297,Dieppe Retail,CLASSIC LEATHER,71070,10,5,10
10298,Dieppe Retail,CLASSIC NYLON COLOR,74480,10,5,10
10296,Dieppe Retail,CLUB C 85,68920,10,5,10
10161,Dieppe Retail,Coffee Grinder,11163,10,5,10
10162,Dieppe Retail,Coffee Grinder,11164,10,5,10
10039,Dieppe Retail,Concept 3 Junior Full Shield,60039,10,5,10
10617,Dieppe Retail,Conqu3st Semi Paintball Marker,46348,10,5,10
10618,Dieppe Retail,Cronus .68 CAL Paintball Gun Kit - Ready Play Blood Package,46052,10,5,10
10619,Dieppe Retail,Cronus Powerpack/Raptor Mask/90g CO2/Loader (81981),99859,10,5,10
10640,Dieppe Retail,Crosman 12 gram Powerlet CC15PB 15 Count CO2,47542,10,5,10
10654,Dieppe Retail,Crosman Exclusive F4 Classic NP Break Barrel Air Rifle with Scope  .177 Caliber,39982,10,5,10
10598,Dieppe Retail,CSI 61122 30 ft. Standard Recreational Volleyball Net with 38 ft. Top Poly Braid Cable,86309,10,5,10
10607,Dieppe Retail,CV-NET Competition Volleyball Net,14970,10,5,10
10621,Dieppe Retail,D3fy 12 oz CO2 Tank,61657,10,5,10
10299,Dieppe Retail,DAYTONA DMX X VAINL ARCHIVE,58000,10,5,10
10182,Dieppe Retail,Deluxe Hiking Backpack,11184,10,5,10
10181,Dieppe Retail,Deluxe Hiking Backpack,11183,10,5,10
10744,Dieppe Retail,Den Caddie,30008,10,5,10
10658,Dieppe Retail,"Disney Princess 12"" Girls' EZ Build Pink Bike  by Huffy",11217,10,5,10
10584,Dieppe Retail,Double Action Universal Pump,43755,10,5,10
10185,Dieppe Retail,Double Air Mattress,11187,10,5,10
10186,Dieppe Retail,Double Air Mattress,11188,10,5,10
10517,Dieppe Retail,Dribble Goggles Training Aid,12177,10,5,10
10545,Dieppe Retail,EXACTA-HEIGHT LIFT SYSTEM,12205,10,5,10
10507,Dieppe Retail,Exactaheight In-Ground Basketball Hoop System,12167,10,5,10
10483,Dieppe Retail,Exactaheight In-Ground Basketball Hoop System,12143,10,5,10
10105,Dieppe Retail,Extreme Flex III Pro Senior Goalie Glove,60105,10,5,10
10551,Dieppe Retail,Extreme Pro Volleyball - Blue/Orange Swirl,51487,10,5,10
10549,Dieppe Retail,"Fan Backboard and Rim Combo Basketball Hoop - 44"" Eco-Composite",12209,10,5,10
10490,Dieppe Retail,"Fan Backboard and Rim Combo Basketball Hoop - 44"" Eco-Composite",12150,10,5,10
10741,Dieppe Retail,Fiarway Headcover,30008,10,5,10
10648,Dieppe Retail,Filfeel Combat Vest Nylon Tactical Children Airsoft Hunting Body Armor Vest,57370,10,5,10
10026,Dieppe Retail,Fitlite 3DS Hockey Helmet Combo,60026,10,5,10
10040,Dieppe Retail,FL500 Face Cage,60040,10,5,10
10027,Dieppe Retail,FL500 Senior Hockey Helmet,60027,10,5,10
10029,Dieppe Retail,FL90 Hockey Helmet,60029,10,5,10
10143,Dieppe Retail,Fly Fishing Rod,11145,10,5,10
10144,Dieppe Retail,Fly Fishing Rod,11146,10,5,10
10596,Dieppe Retail,Foam All Purpose Kneepads - HD220,85429,10,5,10
10590,Dieppe Retail,Fox 40 Pro Coaching Board - Volleyball,96588,10,5,10
10611,Dieppe Retail,Franklin Sports 13059 Steel Volleyball Post & Net System,58572,10,5,10
10163,Dieppe Retail,French Press,11165,10,5,10
10164,Dieppe Retail,French Press,11166,10,5,10
10311,Dieppe Retail,Fresh Foam 1080v8,74206,10,5,10
10309,Dieppe Retail,Fresh Foam Cruz v2 Nubuck,74204,10,5,10
10327,Dieppe Retail,Fresh Foam Zante Trainer,74222,10,5,10
10329,Dieppe Retail,FuelCore NERGIZE,74224,10,5,10
10609,Dieppe Retail,Gared Sports 7700 Mongoose LT Volleyball System,12650,10,5,10
10606,Dieppe Retail,Gared Sports ODVBNET 32 ft. x 3 ft. 2 MM Poly Outdoor Volleyball Net,85487,10,5,10
10642,Dieppe Retail,Gen X Global XVSN Paintball Mask Bl,32486,10,5,10
10814,Dieppe Retail,Girl's Dry Tempo Printed Running Shorts,25089,10,5,10
10789,Dieppe Retail,Girl's Dry Tempo Running Shots,35125,10,5,10
10875,Dieppe Retail,Girl's Sportswear Sherpa Unicorn Windrunner,15222,10,5,10
10831,Dieppe Retail,Girls' Dri-FIT Elite Striped Shorts,57753,10,5,10
10845,Dieppe Retail,Girls' Dry Micro Mask Printed Tempo Shorts,88244,10,5,10
10820,Dieppe Retail,Girls' Dry Shorts,12482,10,5,10
10838,Dieppe Retail,Girls' Dry Tempo Running Shorts,36666,10,5,10
10849,Dieppe Retail,Girls' Pro Printed Boy Shorts,73453,10,5,10
10537,Dieppe Retail,Glow in the Dark Basketball Court Marking Kit,12197,10,5,10
10336,Dieppe Retail,Graphite Wood Driver,52737,10,5,10
10439,Dieppe Retail,GrillPower 4x4 High Performance All Terrain Golf Cart,52840,10,5,10
10620,Dieppe Retail,Gryphon Fx Value Pack - W/ JT Raptor Goggle,93707,10,5,10
10032,Dieppe Retail,HDO Deluxe Visor,60032,10,5,10
10198,Dieppe Retail,Head Lamp,11200,10,5,10
10197,Dieppe Retail,Head Lamp,11199,10,5,10
10538,Dieppe Retail,HEAVY DUTY FOAM PAD,12198,10,5,10
10476,Dieppe Retail,"Hercules Exactaheight Portable Basketball Hoop System - 50"" Acrylic",12136,10,5,10
10477,Dieppe Retail,Hercules Exactaheight Portable Basketball Hoop System - Acrylic,12137,10,5,10
10475,Dieppe Retail,"Hercules Pro Glide Advanced Portable Basketball Hoop System - 52"" Acrylic",12135,10,5,10
10474,Dieppe Retail,Hercules Pro Glide Advanced Portable Basketball Hoop System - Acrylic,12134,10,5,10
10732,Dieppe Retail,Heritage T-Shirt,30008,10,5,10
10743,Dieppe Retail,High Crown Visor,30008,10,5,10
10098,Dieppe Retail,Hockey Net,60098,10,5,10
10603,Dieppe Retail,Home Court 17ABUS Blue 1-inch Adjustable Web Courtlines,83825,10,5,10
10659,Dieppe Retail,"Huffy Disney Frozen 16"" EZ Build Girls Bike with Sleigh Doll Carrier  White/Blue",25983,10,5,10
10038,Dieppe Retail,Hybrid Shield,60038,10,5,10
10557,Dieppe Retail,Impact Volleyball - White/Blue,62104,10,5,10
10030,Dieppe Retail,IMS 11.0 Hockey Helmet Combo,60030,10,5,10
10440,Dieppe Retail,Indoor Game Basketball,12100,10,5,10
10581,Dieppe Retail,Inflating Needles - 3 Pack,34057,10,5,10
10302,Dieppe Retail,IVERSON LEGACY,82220,10,5,10
10612,Dieppe Retail,Jaypro Ts612 Volleyball Training - The Spiker,18875,10,5,10
10085,Dieppe Retail,Jetspeed FT1 Senior Hockey Elbow Pads,60085,10,5,10
10045,Dieppe Retail,Jetspeed FT1 Senior Hockey Gloves,60045,10,5,10
10056,Dieppe Retail,Jetspeed FT1 Senior Hockey Pants,60056,10,5,10
10079,Dieppe Retail,Jetspeed FT1 Senior Hockey Shin Guards,60079,10,5,10
10076,Dieppe Retail,Jetspeed FT1 Senior Hockey Shoulder Pads,60076,10,5,10
10000,Dieppe Retail,Jetspeed FT1 Senior Ice Hockey Skates,60000,10,5,10
10088,Dieppe Retail,Jetspeed FT390 Senior Hockey Elbow Pads,60088,10,5,10
10048,Dieppe Retail,Jetspeed FT390 Senior Hockey Gloves,60048,10,5,10
10060,Dieppe Retail,Jetspeed FT390 Senior Hockey Pants,60060,10,5,10
10004,Dieppe Retail,Jetspeed FT390 Senior Ice Hockey Skates,60004,10,5,10
10018,Dieppe Retail,Jetspeed Grip Senior Hockey Stick,60018,10,5,10
10645,Dieppe Retail,JT 200ct Paintball Hopper,37857,10,5,10
10637,Dieppe Retail,JT 90 Gram Paintball Tank Adaptor,96564,10,5,10
10614,Dieppe Retail,JT 90 Gram Prefilled Paintball CO2 Tank  2pk,11688,10,5,10
10638,Dieppe Retail,JT 90g adaptor,73076,10,5,10
10650,Dieppe Retail,JT ER2 Pump Pistol RTS Kit,61893,10,5,10
10651,Dieppe Retail,Jt Er4 Rtp Kit,40261,10,5,10
10613,Dieppe Retail,Jt Outkast Rtp Kit,83474,10,5,10
10629,Dieppe Retail,JT Paintball Chest Protector  Black,58909,10,5,10
10734,Dieppe Retail,Junior Radar Hat,30008,10,5,10
10377,Dieppe Retail,Kalea Ladies 10-Piece Set,52778,10,5,10
10378,Dieppe Retail,Kalea Ladies 8-Piece Set,52779,10,5,10
10360,Dieppe Retail,Kalea Ladies Fairway,52761,10,5,10
10368,Dieppe Retail,Kalea Ladies Rescue,52769,10,5,10
10694,Dieppe Retail,Kid's Anon Rime Helmet,10091,10,5,10
10695,Dieppe Retail,Kid's Anon Rime Helmet,10092,10,5,10
10699,Dieppe Retail,Kid's Anon Rime Helmet,10096,10,5,10
10698,Dieppe Retail,Kid's Anon Rime Helmet,10095,10,5,10
10697,Dieppe Retail,Kid's Anon Rime Helmet,10094,10,5,10
10696,Dieppe Retail,Kid's Anon Rime Helmet,10093,10,5,10
10190,Dieppe Retail,King Air Mattress,11192,10,5,10
10189,Dieppe Retail,King Air Mattress,11191,10,5,10
10746,Dieppe Retail,Ladies Fashion Visor,30008,10,5,10
10738,Dieppe Retail,Ladies Lite Cart Bag,30008,10,5,10
10735,Dieppe Retail,Ladies Rader Visor,30008,10,5,10
10176,Dieppe Retail,Large Camping Chair,11178,10,5,10
10175,Dieppe Retail,Large Camping Chair,11177,10,5,10
10150,Dieppe Retail,Large Compass,11152,10,5,10
10149,Dieppe Retail,Large Compass,11151,10,5,10
10170,Dieppe Retail,Large Cooler,11172,10,5,10
10169,Dieppe Retail,Large Cooler,11171,10,5,10
10204,Dieppe Retail,Large First Aid Kit,11206,10,5,10
10203,Dieppe Retail,Large First Aid Kit,11205,10,5,10
10195,Dieppe Retail,Large Flashlight,11197,10,5,10
10196,Dieppe Retail,Large Flashlight,11198,10,5,10
10219,Dieppe Retail,Large Flask,11221,10,5,10
10220,Dieppe Retail,Large Flask,11222,10,5,10
10307,Dieppe Retail,Leather 928v3,74202,10,5,10
10816,Dieppe Retail,Left-Handed Men's Verbiage Basketball Shorts,12512,10,5,10
10723,Dieppe Retail,Lifestyle New Era 9Fifty Hat,30002,10,5,10
10724,Dieppe Retail,LifeStyle Trucker Hat,30003,10,5,10
10652,Dieppe Retail,Lifetime Tahoma 100 Sit-On-Top Kayak (Paddle Included)  90816,92134,10,5,10
10736,Dieppe Retail,Lite Tech Tour Hat,30008,10,5,10
10564,Dieppe Retail,LR6 Highlighter Knee Pad - Pink/Black,70074,10,5,10
10379,Dieppe Retail,M CGB Combo Set,52780,10,5,10
10373,Dieppe Retail,M CGB Irons,52774,10,5,10
10376,Dieppe Retail,M CGB Ladies Irons,52777,10,5,10
10375,Dieppe Retail,M1 Irons,52776,10,5,10
10366,Dieppe Retail,M1 Rescue,52767,10,5,10
10351,Dieppe Retail,M2 Driver,52752,10,5,10
10367,Dieppe Retail,M2 Rescue,52768,10,5,10
10349,Dieppe Retail,M3 Driver,52750,10,5,10
10356,Dieppe Retail,M3 Fairway,52757,10,5,10
10389,Dieppe Retail,M3 Irons,52790,10,5,10
10363,Dieppe Retail,M3 Rescue,52764,10,5,10
10369,Dieppe Retail,M4 Combo Set,52770,10,5,10
10350,Dieppe Retail,M4 Driver,52751,10,5,10
10357,Dieppe Retail,M4 Fairway,52758,10,5,10
10390,Dieppe Retail,M4 Irons,52791,10,5,10
10370,Dieppe Retail,M4 Ladies Combo Set,52771,10,5,10
10359,Dieppe Retail,M4 Ladies Fairway,52760,10,5,10
10374,Dieppe Retail,M4 Ladies Irons,52775,10,5,10
10365,Dieppe Retail,M4 Ladies Rescue,52766,10,5,10
10364,Dieppe Retail,M4 Rescue,52765,10,5,10
10358,Dieppe Retail,M4 Tour Fairway,52759,10,5,10
10343,Dieppe Retail,M5 Driver,52744,10,5,10
10757,Dieppe Retail,M5 Driver,30021,10,5,10
10352,Dieppe Retail,M5 Fairway,52753,10,5,10
10381,Dieppe Retail,M5 Irons,52782,10,5,10
10344,Dieppe Retail,M5 Tour Driver,52745,10,5,10
10758,Dieppe Retail,M5 Tour Driver,30022,10,5,10
10383,Dieppe Retail,M6 Combo Set,52784,10,5,10
10346,Dieppe Retail,M6 D-Type Driver,52747,10,5,10
10760,Dieppe Retail,M6 D-Type Driver,30024,10,5,10
10759,Dieppe Retail,M6 Driver,30023,10,5,10
10345,Dieppe Retail,M6 Driver,52746,10,5,10
10353,Dieppe Retail,M6 Fairway,52754,10,5,10
10354,Dieppe Retail,M6 Fairway D-Type,52755,10,5,10
10382,Dieppe Retail,M6 Irons,52783,10,5,10
10385,Dieppe Retail,M6 Ladies Combo Set,52786,10,5,10
10348,Dieppe Retail,M6 Ladies D-Type Driver,52749,10,5,10
10762,Dieppe Retail,M6 Ladies D-Type Driver,30026,10,5,10
10761,Dieppe Retail,M6 Ladies Driver,30025,10,5,10
10347,Dieppe Retail,M6 Ladies Driver,52748,10,5,10
10355,Dieppe Retail,M6 Ladies Fairway,52756,10,5,10
10384,Dieppe Retail,M6 Ladies Irons,52785,10,5,10
10362,Dieppe Retail,M6 Ladies Rescue,52763,10,5,10
10361,Dieppe Retail,M6 Rescue,52762,10,5,10
10139,Dieppe Retail,Machete,11141,10,5,10
10140,Dieppe Retail,Machete,11142,10,5,10
10647,Dieppe Retail,Maddog Padded Paintball & Airsoft Chest Protector~Black,14408,10,5,10
10174,Dieppe Retail,Medium Camping Chair,11176,10,5,10
10173,Dieppe Retail,Medium Camping Chair,11175,10,5,10
10148,Dieppe Retail,Medium Compass,11150,10,5,10
10147,Dieppe Retail,Medium Compass,11149,10,5,10
10168,Dieppe Retail,Medium Cooler,11170,10,5,10
10167,Dieppe Retail,Medium Cooler,11169,10,5,10
10151,Dieppe Retail,Medium Cutlass,11153,10,5,10
10201,Dieppe Retail,Medium First Aid Kit,11203,10,5,10
10202,Dieppe Retail,Medium First Aid Kit,11204,10,5,10
10193,Dieppe Retail,Medium Flashlight,11195,10,5,10
10194,Dieppe Retail,Medium Flashlight,11196,10,5,10
10218,Dieppe Retail,Medium Flask,11220,10,5,10
10217,Dieppe Retail,Medium Flask,11219,10,5,10
10154,Dieppe Retail,Medium Sleeping Bag,11156,10,5,10
10155,Dieppe Retail,Medium Sleeping Bag,11157,10,5,10
10677,Dieppe Retail,Men's Anon M2 Goggle - BLU,10061,10,5,10
10678,Dieppe Retail,Men's Anon M2 Goggle - RDP,10062,10,5,10
10682,Dieppe Retail,Men's Anon M2 Goggle - SNR,10066,10,5,10
10681,Dieppe Retail,Men's Anon M2 Goggle - SNR green,10065,10,5,10
10680,Dieppe Retail,Men's Anon M2 Goggle - SNR red,10064,10,5,10
10679,Dieppe Retail,Men's Anon M2 Goggle - WVE,10063,10,5,10
10667,Dieppe Retail,Men's Anon M4 Cylindrical Goggle,10020,10,5,10
10660,Dieppe Retail,Men's Anon M4 Cylindrical Goggle - BLK,10011,10,5,10
10662,Dieppe Retail,Men's Anon M4 Cylindrical Goggle - BLU,10013,10,5,10
10664,Dieppe Retail,Men's Anon M4 Cylindrical Goggle - GRN,10015,10,5,10
10663,Dieppe Retail,Men's Anon M4 Cylindrical Goggle - GRY,10014,10,5,10
10661,Dieppe Retail,Men's Anon M4 Cylindrical Goggle - RED,10012,10,5,10
10666,Dieppe Retail,Men's Anon M4 Cylindrical Goggle - RNB,10017,10,5,10
10665,Dieppe Retail,Men's Anon M4 Cylindrical Goggle - SMK,10016,10,5,10
10668,Dieppe Retail,Men's Anon M4 Toric Goggle - BLU,10031,10,5,10
10670,Dieppe Retail,Men's Anon M4 Toric Goggle - GRY,10033,10,5,10
10669,Dieppe Retail,Men's Anon M4 Toric Goggle - RED,10032,10,5,10
10674,Dieppe Retail,Men's Anon M4 Toric Goggle - RNB,10037,10,5,10
10673,Dieppe Retail,Men's Anon M4 Toric Goggle - SMK,10036,10,5,10
10671,Dieppe Retail,Men's Anon M4 Toric Goggle - SND,10034,10,5,10
10672,Dieppe Retail,Men's Anon M4 Toric Goggle - SNR,10035,10,5,10
10675,Dieppe Retail,Men's Anon Polarized M2 Goggle,10040,10,5,10
10676,Dieppe Retail,Men's Anon Polarized M3 Goggle,10050,10,5,10
10684,Dieppe Retail,Men's Anon Prime Helmet + MIPS,10072,10,5,10
10687,Dieppe Retail,Men's Anon Prime Helmet + MIPS,10075,10,5,10
10688,Dieppe Retail,Men's Anon Prime Helmet + MIPS,10076,10,5,10
10686,Dieppe Retail,Men's Anon Prime Helmet + MIPS,10074,10,5,10
10683,Dieppe Retail,Men's Anon Prime Helmet + MIPS,10071,10,5,10
10685,Dieppe Retail,Men's Anon Prime Helmet + MIPS,10073,10,5,10
10689,Dieppe Retail,Men's Anon Raider Helmet,10081,10,5,10
10690,Dieppe Retail,Men's Anon Raider Helmet,10082,10,5,10
10693,Dieppe Retail,Men's Anon Raider Helmet,10085,10,5,10
10692,Dieppe Retail,Men's Anon Raider Helmet,10084,10,5,10
10691,Dieppe Retail,Men's Anon Raider Helmet,10083,10,5,10
10777,Dieppe Retail,Men's Breath Running T-Shirt,62360,10,5,10
10229,Dieppe Retail,Men's Burton Driver X Snowboard Boot,10434,10,5,10
10237,Dieppe Retail,Men's Burton Imperial Snowboard Boot,10622,10,5,10
10228,Dieppe Retail,Men's Burton Invader Snowboard Boot,10651,10,5,10
10231,Dieppe Retail,Men's Burton Ion Boa Snowboard Boot,18579,10,5,10
10225,Dieppe Retail,Men's Burton Ion Snowboard Boot,17036,10,5,10
10222,Dieppe Retail,Men's Burton Moto Boa Snowboard Boot,13176,10,5,10
10233,Dieppe Retail,Men's Burton Moto Snowboard Boot,10436,10,5,10
10221,Dieppe Retail,Men's Burton Photon Boa Snowboard Boot,15086,10,5,10
10241,Dieppe Retail,Men's Burton Photon Boa Wide Snowboard Boot,20685,10,5,10
10239,Dieppe Retail,Men's Burton Rampant Snowboard Boot,10653,10,5,10
10223,Dieppe Retail,Men's Burton Ruler Boa Snowboard Boot,20317,10,5,10
10236,Dieppe Retail,Men's Burton Ruler Leather Snowboard Boot,19860,10,5,10
10227,Dieppe Retail,Men's Burton Ruler Snowboard Boot,10439,10,5,10
10230,Dieppe Retail,Men's Burton Ruler Wide Snowboard Boot,13175,10,5,10
10224,Dieppe Retail,Men's Burton SLX Snowboard Boot,10620,10,5,10
10226,Dieppe Retail,Men's Burton Swath Boa Snowboard Boot,20318,10,5,10
10235,Dieppe Retail,Men's Burton Toaster Snowboard Boot Liner,17126,10,5,10
10234,Dieppe Retail,Men's Burton Tourist Snowboard Boot,17037,10,5,10
10232,Dieppe Retail,Men's Burton Tourist X Snowboard Boot,20968,10,5,10
10846,Dieppe Retail,"Men's Court 9"" Tennis Shorts",84553,10,5,10
10851,Dieppe Retail,"Men's Court Dry 9"" Tennis Shorts",78543,10,5,10
10795,Dieppe Retail,Men's Dry 4.0 Training Shorts,25432,10,5,10
10819,Dieppe Retail,Men's Dry Academy Soccer Shorts,35123,10,5,10
10796,Dieppe Retail,"Men's Dry Challenger 5"" Running Shorts",25125,10,5,10
10818,Dieppe Retail,"Men's Dry Challenger 7"" 2-in-1 Running Shorts",25378,10,5,10
10791,Dieppe Retail,"Men's Dry Challenger 7"" Running Shorts",22424,10,5,10
10801,Dieppe Retail,Men's Dry Dribble Drive Basketball Shorts,47347,10,5,10
10822,Dieppe Retail,Men's Dry Elite Block Basketball Shorts,25122,10,5,10
10785,Dieppe Retail,Men's Dry Epic Training Shorts,25129,10,5,10
10824,Dieppe Retail,Men's Dry Hyper Training Shorts,10293,10,5,10
10833,Dieppe Retail,Men's Dry Icon Basketball Shorts,29822,10,5,10
10793,Dieppe Retail,Men's Dy Challenge Running Shorts,52529,10,5,10
10827,Dieppe Retail,Men's Elite Stripe Basketball Shorts,54128,10,5,10
10844,Dieppe Retail,Men's Flex Golf Shorts,23788,10,5,10
10806,Dieppe Retail,Men's Flex Woven Shorts,27432,10,5,10
10859,Dieppe Retail,Men's Flux Baseball Shorts,36236,10,5,10
10855,Dieppe Retail,Men's Hybrid Woven Golf Shorts,52512,10,5,10
10879,Dieppe Retail,Men's Hypershield Golf Rain Jacket,23633,10,5,10
10244,Dieppe Retail,Men's Ion Step On Bundle,20319,10,5,10
10787,Dieppe Retail,Men's Layup 2.0 Basketball Shorts,22242,10,5,10
10770,Dieppe Retail,Men's Legend 2.0 T-Shirt,45345,10,5,10
10774,Dieppe Retail,Men's Legend 2.0 V-Neck T-Shirt,23423,10,5,10
10772,Dieppe Retail,Men's Legend Long Sleeve Shirt,12512,10,5,10
10843,Dieppe Retail,"Men's NET 11"" Woven Tennis Shorts",73455,10,5,10
10243,Dieppe Retail,Men's Photon Step On Bundle,17285,10,5,10
10782,Dieppe Retail,Men's Pro Heather Printed Fitted T-Shirt,32323,10,5,10
10798,Dieppe Retail,Men's Pro Long Shorts,23626,10,5,10
10788,Dieppe Retail,Men's Pro Shorts,11521,10,5,10
10877,Dieppe Retail,Men's Reversible Insulated Golf Vest,34634,10,5,10
10242,Dieppe Retail,Men's Ruler Step On Bundle,17287,10,5,10
10868,Dieppe Retail,Men's Sportswear 2019 Hooded Windrunner Jacket,43563,10,5,10
10825,Dieppe Retail,Men's Sportswear Club Fleece Sweatshorts,25125,10,5,10
10812,Dieppe Retail,Men's Sportswear Jersey Club Shorts,36782,10,5,10
10848,Dieppe Retail,Men's Sportswear Just Do IT training Shorts,78853,10,5,10
10866,Dieppe Retail,Men's Sportswear Windrunnder Down Jacket,85685,10,5,10
10874,Dieppe Retail,Men's Sportswear Windrunner Down Vest,34734,10,5,10
10864,Dieppe Retail,Men's Sportswear Windrunner Full-Zip Hoodie,23333,10,5,10
10826,Dieppe Retail,Men's Spotlight Basketball Shorts,25789,10,5,10
10847,Dieppe Retail,Men's Ultimate Performance Basketball Shorts,23727,10,5,10
10569,Dieppe Retail,Men's Wave Tornado X Indoor Court Shoes - Blue/Black,20503,10,5,10
10571,Dieppe Retail,Men's Wave Tornado X Indoor Court Shoes - Orange/Black,82944,10,5,10
10862,Dieppe Retail,Men's Windrunner Full Zip Jacket,66868,10,5,10
10391,Dieppe Retail,Milled Grind HI-TOE Wedge,52792,10,5,10
10394,Dieppe Retail,Milled Grind Wedge,52795,10,5,10
10393,Dieppe Retail,Milled Grind Wedge Antique Bronze,52794,10,5,10
10392,Dieppe Retail,Milled Grind Wedge Black,52793,10,5,10
10588,Dieppe Retail,Mini Ball Pump,72420,10,5,10
10324,Dieppe Retail,Minimus 10v1 Trail,74219,10,5,10
10325,Dieppe Retail,Minimus 20v7 Trainer,74220,10,5,10
10326,Dieppe Retail,Minimus 40 Trainer,74221,10,5,10
10206,Dieppe Retail,Monocular,11208,10,5,10
10205,Dieppe Retail,Monocular,11207,10,5,10
10655,Dieppe Retail,Mossy Oak 3pc Fisherman`s Gift Combo,60559,10,5,10
10526,Dieppe Retail,Multi-Resistance Trainer Training Aid,12186,10,5,10
10550,Dieppe Retail,MVA200 Official Olympic Indoor Volleyball,54707,10,5,10
10395,Dieppe Retail,MySpider Tour,52796,10,5,10
10561,Dieppe Retail,MZ-T10 Team Plus Knee Pad - Black,32818,10,5,10
10566,Dieppe Retail,MZ-T10 Team Plus Knee Pad - White,44795,10,5,10
10503,Dieppe Retail,NBA BASKETBALL PUMP,12163,10,5,10
10480,Dieppe Retail,NBA Breakaway 180 Over-the-Door Basketball Hoop,12140,10,5,10
10514,Dieppe Retail,NBA Breakaway 180 Over-the-Door Basketball Hoop,12174,10,5,10
10456,Dieppe Retail,NBA Courtside Team Outdoor Basketball,12116,10,5,10
10442,Dieppe Retail,NBA Game Ball Replica Basketball,12102,10,5,10
10449,Dieppe Retail,NBA Instinct Indoor-Outdoor Basketball,12109,10,5,10
10455,Dieppe Retail,NBA Neverflat Hexagri Basketball,12115,10,5,10
10441,Dieppe Retail,NBA Official Game Ball,12101,10,5,10
10522,Dieppe Retail,NBA Oversize Training Aid Basketball,12182,10,5,10
10512,Dieppe Retail,NBA Slam Jam Over-the-Door Mini Basketball Hoop,12172,10,5,10
10532,Dieppe Retail,NBA Slam Jam Over-the-Door Mini Basketball Hoop,12192,10,5,10
10539,Dieppe Retail,NBA STANDARD POLE PAD,12199,10,5,10
10450,Dieppe Retail,NBA Street Phantom Outdoor Basketball,12110,10,5,10
10469,Dieppe Retail,NBA Team Basketball,12129,10,5,10
10461,Dieppe Retail,NBA Team Mini Basketball,12121,10,5,10
10465,Dieppe Retail,NBA TREND SERIES  BROWN SNAKE SKIN,12125,10,5,10
10460,Dieppe Retail,NBA TREND SERIES  VERT CAMO,12120,10,5,10
10463,Dieppe Retail,NBA TREND SERIES BASKETBALL WHITE SNAKE,12123,10,5,10
10462,Dieppe Retail,NBA TREND SERIES NOTEBOOK,12122,10,5,10
10459,Dieppe Retail,NBA TREND SERIES SHATTER,12119,10,5,10
10468,Dieppe Retail,NBA Varsity Inddor Basketball,12128,10,5,10
10458,Dieppe Retail,NBA Varsity Multi-Color Outdoor Basketball,12118,10,5,10
10457,Dieppe Retail,NBA Varsity Outdoor Basketball,12117,10,5,10
10466,Dieppe Retail,NBA Varsity Outdoor Youth Basketball,12126,10,5,10
10519,Dieppe Retail,NBA Weighted Training Aid Basketball,12179,10,5,10
10454,Dieppe Retail,NBA Zi/O Basketball,12114,10,5,10
10328,Dieppe Retail,NBCycle WX09,74223,10,5,10
10467,Dieppe Retail,NEVERFLAT HEXAGRIP BASKETBALL,12127,10,5,10
10749,Dieppe Retail,New Era Tour 9Fiffty Snapback Hat,30008,10,5,10
10020,Dieppe Retail,Nexus 1N GripTac Senior Hockey Stick - '17 Model,60020,10,5,10
10055,Dieppe Retail,Nexus 1N Senior Ice Hockey Pants,60055,10,5,10
10015,Dieppe Retail,Nexus 2N Pro Griptac Senior Hockey Stick,60015,10,5,10
10042,Dieppe Retail,Nexus 2N Senior Hockey Gloves,60042,10,5,10
10080,Dieppe Retail,Nexus 2N Senior Hockey Shin Guards,60080,10,5,10
10058,Dieppe Retail,Nexus 2N Senior Ice Hockey Pants,60058,10,5,10
10003,Dieppe Retail,Nexus 2N Senior Ice Hockey Skates,60003,10,5,10
10049,Dieppe Retail,Nexus N2900 Senior Hockey Gloves,60049,10,5,10
10259,Dieppe Retail,Nike Air Max 2017 SE,86286,10,5,10
10263,Dieppe Retail,Nike Air Max Sequent 3,92169,10,5,10
10257,Dieppe Retail,Nike Air Zoom Pegasus 35,17289,10,5,10
10278,Dieppe Retail,Nike Air Zoom Pegasus 35 Premium,83920,10,5,10
10266,Dieppe Retail,Nike Air Zoom Pegasus 35 Shield Water-Repellent,16430,10,5,10
10271,Dieppe Retail,Nike Air Zoom Structure 22,16360,10,5,10
10275,Dieppe Retail,Nike Air Zoom Structure 22 Shield Water-Repellent,35230,10,5,10
10272,Dieppe Retail,Nike Air Zoom Structure 22 Shield Water-Repellent,16450,10,5,10
10273,Dieppe Retail,Nike Air Zoom Vomero 14,78580,10,5,10
10573,Dieppe Retail,Nike Ball Pump,41030,10,5,10
10592,Dieppe Retail,Nike Ball Pump,17895,10,5,10
10985,Dieppe Retail,Nike Ball Pump,70105,10,5,10
10984,Dieppe Retail,Nike Ball Pump 3,70104,10,5,10
10969,Dieppe Retail,Nike Basilia Medium Printed Duffle Bag,70089,10,5,10
10968,Dieppe Retail,Nike Basilia Medium Printed Duffle Bag,70088,10,5,10
10966,Dieppe Retail,Nike Basilia Medium Printed Duffle Bag,70086,10,5,10
10965,Dieppe Retail,Nike Basilia Medium Printed Duffle Bag,70085,10,5,10
10964,Dieppe Retail,Nike Basilia Medium Printed Duffle Bag,70084,10,5,10
10967,Dieppe Retail,Nike Basilia Medium Printed Duffle Bag,70087,10,5,10
10888,Dieppe Retail,Nike BombaX Indoor Soccer Shoes,70008,10,5,10
10835,Dieppe Retail,Nike Boys' Dri-FIT Elite Printed Basketball Shorts,25128,10,5,10
10945,Dieppe Retail,Nike Boys' Trophy Training Shorts,70065,10,5,10
10946,Dieppe Retail,Nike Boys' Trophy Training Shorts,70066,10,5,10
10949,Dieppe Retail,Nike Boys' Trophy Training Shorts,70069,10,5,10
10947,Dieppe Retail,Nike Boys' Trophy Training Shorts,70067,10,5,10
10948,Dieppe Retail,Nike Boys' Trophy Training Shorts,70068,10,5,10
10950,Dieppe Retail,Nike Boys' Trophy Training Shorts,70070,10,5,10
10951,Dieppe Retail,Nike Boys' Trophy Training Shorts,70071,10,5,10
10889,Dieppe Retail,Nike Bravata II FG Soccer Cleats,70009,10,5,10
10941,Dieppe Retail,Nike Classic Soccer Socks,70061,10,5,10
10940,Dieppe Retail,Nike Classic Soccer Socks,70060,10,5,10
10268,Dieppe Retail,Nike Downshifter 8,90898,10,5,10
10986,Dieppe Retail,Nike Elite Ball Pump,70106,10,5,10
10585,Dieppe Retail,Nike Elite Ball Pump - University Red,42968,10,5,10
10265,Dieppe Retail,Nike Epic React Flyknit,61620,10,5,10
10260,Dieppe Retail,Nike Epic React Flyknit,70040,10,5,10
10983,Dieppe Retail,Nike Essential Ball Pump,70103,10,5,10
10582,Dieppe Retail,Nike Essential Ball Pump - Black/White,52720,10,5,10
10583,Dieppe Retail,Nike Essential Ball Pump - Volt/Black,44232,10,5,10
10562,Dieppe Retail,Nike Essential Graphic Volleyball Knee Pads 2.0 - Black/Volt,93310,10,5,10
10559,Dieppe Retail,Nike Essential Volleyball Knee Pad - Black,14091,10,5,10
10280,Dieppe Retail,Nike Free RN 2018,94283,10,5,10
10279,Dieppe Retail,Nike Free RN 2018 Shield Water-Repellent,19780,10,5,10
10952,Dieppe Retail,Nike Girls' Dry Micro Master Printed Shorts,70072,10,5,10
10953,Dieppe Retail,Nike Girls' Dry Micro Master Printed Shorts,70073,10,5,10
10954,Dieppe Retail,Nike Girls' Pro Allover Printed Shorts,70074,10,5,10
10580,Dieppe Retail,Nike Hyperspeed Ball Pump,97747,10,5,10
10987,Dieppe Retail,Nike Hyperspeed Ball Pump,70107,10,5,10
10892,Dieppe Retail,Nike Kids' Magista Obra 2 Club FG Soccer Cleats,70012,10,5,10
10887,Dieppe Retail,Nike Kids' Tiempo Legend 7 Club Indoor Soccer Shoes,70007,10,5,10
10997,Dieppe Retail,Nike Lanyard - Black / White,70117,10,5,10
10996,Dieppe Retail,Nike Lanyard - Blue / Yellow,70116,10,5,10
10995,Dieppe Retail,Nike Lanyard - Dark Purple / Pink,70115,10,5,10
10998,Dieppe Retail,Nike Lanyard - Green / White,70118,10,5,10
10991,Dieppe Retail,Nike Lanyard - Orange / Black,70111,10,5,10
10993,Dieppe Retail,Nike Lanyard - Pink / White,70113,10,5,10
10994,Dieppe Retail,Nike Lanyard - Red / Grey,70114,10,5,10
10992,Dieppe Retail,Nike Lanyard - Red / White,70112,10,5,10
10990,Dieppe Retail,Nike Lanyard - White / Black,70110,10,5,10
10989,Dieppe Retail,Nike Lanyard - Yellow / Black,70109,10,5,10
10269,Dieppe Retail,Nike Legend React,16250,10,5,10
10963,Dieppe Retail,Nike Mens' Dry Academy Soccer Shorts,70083,10,5,10
10962,Dieppe Retail,Nike Mens' Dry Academy Soccer Shorts,70082,10,5,10
10961,Dieppe Retail,Nike Mens' Dry Academy Soccer Shorts,70081,10,5,10
10960,Dieppe Retail,Nike Mens' Dry Academy Soccer Shorts,70080,10,5,10
10959,Dieppe Retail,Nike Mens' Dry Academy Soccer Shorts,70079,10,5,10
10891,Dieppe Retail,Nike MercurialX Superfly 6 Club Indoor Soccer Shoes,70011,10,5,10
10890,Dieppe Retail,Nike Neymar Mercurial Superfly 6  Academy Soccer Cleats,70010,10,5,10
10982,Dieppe Retail,Nike Neymar Soccer Backpack,70102,10,5,10
10267,Dieppe Retail,Nike Odyssey React Shield Water-Repellent,16343,10,5,10
10883,Dieppe Retail,Nike Pitch Training Soccer Ball,70003,10,5,10
10884,Dieppe Retail,Nike Pitch Training Soccer Ball,70004,10,5,10
10880,Dieppe Retail,Nike Pitch Training Soccer Ball,70000,10,5,10
10881,Dieppe Retail,Nike Pitch Training Soccer Ball,70001,10,5,10
10885,Dieppe Retail,Nike Pitch Training Soccer Ball,70005,10,5,10
10882,Dieppe Retail,Nike Pitch Training Soccer Ball,70002,10,5,10
10270,Dieppe Retail,Nike Rise React Flyknit,55540,10,5,10
10944,Dieppe Retail,Nike Squad Unisex Soccer Snood,70064,10,5,10
10886,Dieppe Retail,Nike Superfly 6 Academy MG Soccer Cleats,70006,10,5,10
10258,Dieppe Retail,Nike Superfly Elite,83599,10,5,10
10264,Dieppe Retail,Nike VaporFly 4 Flyknit,38576,10,5,10
10955,Dieppe Retail,Nike Womens' Dry Academy Soccer Shorts,70075,10,5,10
10956,Dieppe Retail,Nike Womens' Dry Academy Soccer Shorts,70076,10,5,10
10958,Dieppe Retail,Nike Womens' Dry Academy Soccer Shorts,70078,10,5,10
10957,Dieppe Retail,Nike Womens' Dry Academy Soccer Shorts,70077,10,5,10
10274,Dieppe Retail,Nike Zoom Fly SP,35230,10,5,10
10277,Dieppe Retail,Nike Zoom Fly SP Fast,38944,10,5,10
10262,Dieppe Retail,Nike Zoom Mamba 3,70661,10,5,10
10261,Dieppe Retail,Nike Zoom Matumbo 2,52662,10,5,10
10276,Dieppe Retail,Nike Zoom Pegasus Turbo XX,43476,10,5,10
10624,Dieppe Retail,Ninja 35CI CU / 3000PSI High Pressure Air HPA N2 Steel Paintball Tank,75929,10,5,10
10649,Dieppe Retail,Ninja Aluminum HPA Tank - 48/3000,75164,10,5,10
10434,Dieppe Retail,Noodle Long & Soft Golf Balls (15 ball pack),52835,10,5,10
10756,Dieppe Retail,Noodle Long & Soft Golf Balls (15 Pack),30013,10,5,10
10755,Dieppe Retail,Noodle Neon Matte Lime Green Golf Balls,30012,10,5,10
10433,Dieppe Retail,Noodle Neon Matte Lime Green Golf Balls,52834,10,5,10
10432,Dieppe Retail,Noodle Neon Matte Red Golf Balls,52833,10,5,10
10754,Dieppe Retail,Noodle Neon Matte Red Golf Balls,30011,10,5,10
11004,Dieppe Retail,OBVIOUS ITEM,SKU-1743102018808,0,0,0
10497,Dieppe Retail,OFFICIAL ON-COURT NBA GAME NET,12157,10,5,10
10604,Dieppe Retail,Olympia Sports NT036P 32 ft. x 3 ft. Volleyball Net - 2.2mm,66229,10,5,10
10639,Dieppe Retail,Outgeek Ghost Skull Balaclavas Ski Mask Full Face Airsoft Paintball Cosplay Mask for Men,83012,10,5,10
10371,Dieppe Retail,P730 Irons,52772,10,5,10
10372,Dieppe Retail,P750 Tour Proto Irons,52773,10,5,10
10386,Dieppe Retail,P760 Irons,52787,10,5,10
10387,Dieppe Retail,P790 Black Irons,52788,10,5,10
10388,Dieppe Retail,P790 Irons,52789,10,5,10
10380,Dieppe Retail,P790 UDI,52781,10,5,10
10635,Dieppe Retail,Paintball Chest Protector - Black,96668,10,5,10
10627,Dieppe Retail,Paintball Heavy Duty Thick Coil Remote Hose Line with Quick Disconnect  Black,46229,10,5,10
10595,Dieppe Retail,Park & Sun Spiker Volleyball Set,80219,10,5,10
10594,Dieppe Retail,Park & Sun VolleyBall Set - Sport Series,28886,10,5,10
10643,Dieppe Retail,PBCPV53-UNB Paintball Airsoft Chest Protector Tactical Vest Body Armor  Black,71372,10,5,10
10634,Dieppe Retail,PBFRS36 Paintball Accessories Paintball Delux Dual Valve Co2 Tank Bottle Fill Refill,91223,10,5,10
10644,Dieppe Retail,PBM219BK Air Soft Protective Mask with Full Mesh Wire  Full Face  Black,16490,10,5,10
10631,Dieppe Retail,PBM225BK Army Military Anti-Fog Paintball Mask with Double Elastic Strap  Black,35802,10,5,10
10633,Dieppe Retail,PBRHSF09 Paintball Regular .68 Caliber Hopper with Speed Feed Paintball Loader,45601,10,5,10
10653,Dieppe Retail,Penn Spinfisher V Spinning Reel and Fishing Rod Combo,33235,10,5,10
10753,Dieppe Retail,Performance Lite Hat,30008,10,5,10
10740,Dieppe Retail,Performance Radar Visor,30008,10,5,10
10742,Dieppe Retail,Players Backpack,30008,10,5,10
10745,Dieppe Retail,Players Backpack Duffle,30008,10,5,10
10750,Dieppe Retail,Players Golf Travel Bag,30008,10,5,10
10747,Dieppe Retail,Players Lifestyle Backpack,30008,10,5,10
10646,Dieppe Retail,PMI Pure Energy 20oz CO2 Aluminum Paintball Tank,85760,10,5,10
10548,Dieppe Retail,Polycarbonate Backboard and Rim Combo,12208,10,5,10
10487,Dieppe Retail,Polycarbonate Backboard and Rim Combo,12147,10,5,10
10516,Dieppe Retail,Pop-Up Guard Training Aid,12176,10,5,10
10498,Dieppe Retail,Positive Lock Basketball Rim,12158,10,5,10
10521,Dieppe Retail,Power Dribble Training Aid,12181,10,5,10
10107,Dieppe Retail,Premier II Pro Senior Goalie Blocker,60107,10,5,10
10104,Dieppe Retail,Premier II Pro Senior Goalie Glove,60104,10,5,10
10101,Dieppe Retail,Premier II Pro Senior Goalie Leg Pads,60101,10,5,10
10180,Dieppe Retail,Premium Hiking Backpack,11182,10,5,10
10179,Dieppe Retail,Premium Hiking Backpack,11181,10,5,10
10850,Dieppe Retail,Pro Boys' Dri-FIT Core Compression Shorts,34746,10,5,10
10033,Dieppe Retail,Pro Clip Straight Visor Smoke - '17 Model,60033,10,5,10
10036,Dieppe Retail,Pro Clip Visor Replacement Lens Clear - '17 Model,60036,10,5,10
10034,Dieppe Retail,Pro Clip Wave Visor Clear - '17 Model,60034,10,5,10
10066,Dieppe Retail,Pro Core 38in. Carry Hockey Equipment Bag,60066,10,5,10
10800,Dieppe Retail,"Pro Girls' 4"" Shorts",73474,10,5,10
10492,Dieppe Retail,"Pro Glide In-Ground Basketball Hoop System - 52"" Acrylic",12152,10,5,10
10505,Dieppe Retail,"Pro Glide In-Ground Basketball Hoop System - 52"" Acrylic",12165,10,5,10
10489,Dieppe Retail,Pro Glide Polycarbonate Portable Basketball Hoop System,12149,10,5,10
10496,Dieppe Retail,Pro Image Basketball Rim,12156,10,5,10
10775,Dieppe Retail,Pro Men's Fitted Sleeveless Shrit,32535,10,5,10
10632,Dieppe Retail,Pro Padded Chest Protector Combo Package - Paintball  Airsoft  Etc.~Large / X-Large Gloves,49060,10,5,10
10494,Dieppe Retail,Pro Slam Basketball Rim,12154,10,5,10
10062,Dieppe Retail,Pro Team 32in. Carry Hockey Equipment Bag - '17 Model,60062,10,5,10
10427,Dieppe Retail,Project (a) Golf Balls,52828,10,5,10
10428,Dieppe Retail,Project (a) Yellow Golf Balls,52829,10,5,10
10431,Dieppe Retail,Project (s) Matte Orange Golf Balls,52832,10,5,10
10430,Dieppe Retail,Project (s) Matte Yellow Golf Balls,52831,10,5,10
10429,Dieppe Retail,PROJECT(s),52830,10,5,10
10096,Dieppe Retail,Puck,60096,10,5,10
10188,Dieppe Retail,Queen Air Mattress,11190,10,5,10
10187,Dieppe Retail,Queen Air Mattress,11189,10,5,10
10739,Dieppe Retail,Rain Control Gloves,30008,10,5,10
10295,Dieppe Retail,RAPIDE,75190,10,5,10
10506,Dieppe Retail,"Ratchet Lift In-Ground Basketball Hoop System - 44"" Polycarbonate",12166,10,5,10
10484,Dieppe Retail,"Ratchet Lift In-Ground Basketball Hoop System - 44"" Polycarbonate",12144,10,5,10
10025,Dieppe Retail,Re-Akt 200 Hockey Helmet Combo,60025,10,5,10
10037,Dieppe Retail,Re-Akt Titanium Face Mask,60037,10,5,10
10600,Dieppe Retail,REC-NET Recreational Volleyball Net,23414,10,5,10
10927,Dieppe Retail,Reebok All Sport Athletic Over the Calf Socks,70047,10,5,10
10936,Dieppe Retail,Reebok All Sport Athletic Over the Calf Socks,70056,10,5,10
10937,Dieppe Retail,Reebok All Sport Athletic Over the Calf Socks,70057,10,5,10
10938,Dieppe Retail,Reebok All Sport Athletic Over the Calf Socks,70058,10,5,10
10935,Dieppe Retail,Reebok All Sport Athletic Over the Calf Socks,70055,10,5,10
10932,Dieppe Retail,Reebok All Sport Athletic Over the Calf Socks,70052,10,5,10
10939,Dieppe Retail,Reebok All Sport Athletic Over the Calf Socks,70059,10,5,10
10928,Dieppe Retail,Reebok All Sport Athletic Over the Calf Socks,70048,10,5,10
10929,Dieppe Retail,Reebok All Sport Athletic Over the Calf Socks,70049,10,5,10
10930,Dieppe Retail,Reebok All Sport Athletic Over the Calf Socks,70050,10,5,10
10931,Dieppe Retail,Reebok All Sport Athletic Over the Calf Socks,70051,10,5,10
10933,Dieppe Retail,Reebok All Sport Athletic Over the Calf Socks,70053,10,5,10
10934,Dieppe Retail,Reebok All Sport Athletic Over the Calf Socks,70054,10,5,10
10304,Dieppe Retail,REEBOK BOXING BOOT,47390,10,5,10
10904,Dieppe Retail,Reebok Boys' Solid Performance Graphic T-Shirt,70024,10,5,10
10912,Dieppe Retail,Reebok Boys' Solid Performance Graphic T-Shirt,70032,10,5,10
10910,Dieppe Retail,Reebok Boys' Solid Performance Graphic T-Shirt,70030,10,5,10
10905,Dieppe Retail,Reebok Boys' Solid Performance Graphic T-Shirt,70025,10,5,10
10907,Dieppe Retail,Reebok Boys' Solid Performance Graphic T-Shirt,70027,10,5,10
10909,Dieppe Retail,Reebok Boys' Solid Performance Graphic T-Shirt,70029,10,5,10
10903,Dieppe Retail,Reebok Boys' Solid Performance Graphic T-Shirt,70023,10,5,10
10906,Dieppe Retail,Reebok Boys' Solid Performance Graphic T-Shirt,70026,10,5,10
10911,Dieppe Retail,Reebok Boys' Solid Performance Graphic T-Shirt,70031,10,5,10
10908,Dieppe Retail,Reebok Boys' Solid Performance Graphic T-Shirt,70028,10,5,10
10305,Dieppe Retail,REEBOK COMBAT NOBLE TRAINER,74200,10,5,10
10287,Dieppe Retail,REEBOK CROSSFIT NANO 2.0,79250,10,5,10
10286,Dieppe Retail,REEBOK CROSSFIT NANO 4.0,79270,10,5,10
10292,Dieppe Retail,REEBOK CROSSFIT NANO 8 FLEXWEAVE,10200,10,5,10
10285,Dieppe Retail,REEBOK FLEXAGON ENERGY,45480,10,5,10
10282,Dieppe Retail,REEBOK FLEXAGON FIT,63560,10,5,10
10288,Dieppe Retail,REEBOK FRONING,99940,10,5,10
10289,Dieppe Retail,REEBOK FUSIUM RUN,24311,10,5,10
10294,Dieppe Retail,REEBOK HYDRORUSH TR,47910,10,5,10
10291,Dieppe Retail,REEBOK REAGO PULSE,51250,10,5,10
10293,Dieppe Retail,REEBOK REALFLEX TRAIN 5.0,28080,10,5,10
10284,Dieppe Retail,REEBOK SPEED TR FLEXWEAVE,44000,10,5,10
10281,Dieppe Retail,REEBOK SPRINT TR II,61690,10,5,10
10283,Dieppe Retail,REEBOK SPRINT TR II,61710,10,5,10
10290,Dieppe Retail,REEBOK YOURFLEX TRAIN 10,56511,10,5,10
10142,Dieppe Retail,Reel Fishing Rod,11144,10,5,10
10141,Dieppe Retail,Reel Fishing Rod,11143,10,5,10
10031,Dieppe Retail,Resistance Hockey Helmet,60031,10,5,10
10035,Dieppe Retail,Revision Straight Certified Visor with Spacer,60035,10,5,10
10011,Dieppe Retail,Ribcor 70K Junior Ice Hockey Skates,60011,10,5,10
10024,Dieppe Retail,RibCor Reckoner Pro Stock Hockey Stick,60024,10,5,10
10014,Dieppe Retail,RibCor Trigger 3D Grip Senior Hockey Stick,60014,10,5,10
10021,Dieppe Retail,RibCor Trigger2 PMT Grip Senior Hockey Stick,60021,10,5,10
10563,Dieppe Retail,Right DXS2 Ankle Brace,14778,10,5,10
10657,Dieppe Retail,"Roadmaster 26"" Granite Peak Women's Mountain Bike",94128,10,5,10
10544,Dieppe Retail,ROUND EXTENSION ARM,12204,10,5,10
10574,Dieppe Retail,Runbird Volleyball Crew Socks - Black,14355,10,5,10
10578,Dieppe Retail,Runbird Volleyball Crew Socks - White,70895,10,5,10
10072,Dieppe Retail,S14 Core Medium Wheeled Hockey Equipment Bag,60072,10,5,10
10065,Dieppe Retail,S14 Premium Large Carry Hockey Equipment Bag,60065,10,5,10
10095,Dieppe Retail,Shin Pad Tape,60095,10,5,10
10094,Dieppe Retail,Shin Pad Tape,60094,10,5,10
10093,Dieppe Retail,Shin Pad Tape,60093,10,5,10
10518,Dieppe Retail,Shooting Spots Training Aid,12178,10,5,10
10524,Dieppe Retail,Shot Arc Training Aid,12184,10,5,10
10525,Dieppe Retail,Shot Contester Training Aid,12185,10,5,10
10587,Dieppe Retail,Sidelines Sports Inflating Needles - 3 Pack,59930,10,5,10
10184,Dieppe Retail,Single Air Mattress,11186,10,5,10
10183,Dieppe Retail,Single Air Mattress,11185,10,5,10
10623,Dieppe Retail,Skelleton Protective Safety Skull Mask With Wire Mesh Goggles  Black,86649,10,5,10
10626,Dieppe Retail,Skull Skeleton Airsoft Mask with Wire Mesh Goggles  Black,20428,10,5,10
10171,Dieppe Retail,Small Camping Chair,11173,10,5,10
10172,Dieppe Retail,Small Camping Chair,11174,10,5,10
10146,Dieppe Retail,Small Compass,11148,10,5,10
10145,Dieppe Retail,Small Compass,11147,10,5,10
10165,Dieppe Retail,Small Cooler,11167,10,5,10
10166,Dieppe Retail,Small Cooler,11168,10,5,10
10200,Dieppe Retail,Small First Aid Kit,11202,10,5,10
10199,Dieppe Retail,Small First Aid Kit,11201,10,5,10
10192,Dieppe Retail,Small Flashlight,11194,10,5,10
10191,Dieppe Retail,Small Flashlight,11193,10,5,10
10216,Dieppe Retail,Small Flask,11218,10,5,10
10215,Dieppe Retail,Small Flask,11217,10,5,10
10152,Dieppe Retail,Small Sleeping Bag,11154,10,5,10
10153,Dieppe Retail,Small Sleeping Bag,11155,10,5,10
10515,Dieppe Retail,Smart Shot Training Aid,12175,10,5,10
10558,Dieppe Retail,Soft Play Technology Official Size Volleyball,74817,10,5,10
10553,Dieppe Retail,SofTec Checks Volleyball,48596,10,5,10
10608,Dieppe Retail,Spalding 40-20114 Classic Volleyball Set,43383,10,5,10
10482,Dieppe Retail,"Spalding 72"" Arena View Series In-Ground Basketball Hoop System",12142,10,5,10
10511,Dieppe Retail,"Spalding 72"" Arena View Series In-Ground Basketball Hoop System",12171,10,5,10
10542,Dieppe Retail,SPALDING ALPHA FOOTBALL BAG,12202,10,5,10
10533,Dieppe Retail,SPALDING BASKETBALL DUFFLE BAG,12193,10,5,10
10541,Dieppe Retail,SPALDING BRIEFCASE,12201,10,5,10
10577,Dieppe Retail,Spalding Dual Action Pump with Pressure Gauge,37585,10,5,10
10527,Dieppe Retail,SPALDING MESH EQUIPMENT BAG,12187,10,5,10
10528,Dieppe Retail,SPALDING MESH SINGLE-BALL BAG,12188,10,5,10
10451,Dieppe Retail,SPALDING ROOKIE GEAR BASKETBALL,12111,10,5,10
10416,Dieppe Retail,Spider Arc Red,52817,10,5,10
10415,Dieppe Retail,Spider Arc Silver,52816,10,5,10
10401,Dieppe Retail,Spider Interactive,52802,10,5,10
10402,Dieppe Retail,"Spider Interactive ""L"" Neck",52803,10,5,10
10397,Dieppe Retail,Spider Mini Diamond Silver,52798,10,5,10
10396,Dieppe Retail,Spider Mini Red,52797,10,5,10
10763,Dieppe Retail,Spider Mini Red,30031,10,5,10
10768,Dieppe Retail,Spider Tour Black Double Bend,30036,10,5,10
10408,Dieppe Retail,Spider Tour Black Double Bend,52809,10,5,10
10413,Dieppe Retail,Spider Tour Black Double Bend,52814,10,5,10
10410,Dieppe Retail,"Spider Tour Diamond Silver ""L"" Neck",52811,10,5,10
10409,Dieppe Retail,Spider Tour Diamond Silver Double Bend,52810,10,5,10
10417,Dieppe Retail,Spider Tour Platinum,52818,10,5,10
10414,Dieppe Retail,Spider Tour Red,52815,10,5,10
10411,Dieppe Retail,"Spider Tour Red ""L"" Neck",52812,10,5,10
10769,Dieppe Retail,"Spider Tour Red ""L"" Neck",30037,10,5,10
10412,Dieppe Retail,Spider Tour Red Center Shaft,52813,10,5,10
10407,Dieppe Retail,Spider Tour Red Double Bend,52808,10,5,10
10418,Dieppe Retail,Spider Tour Red Sightline,52819,10,5,10
10599,Dieppe Retail,Sport TSCOLLAPSANT Collapsible Antennae,17465,10,5,10
10601,Dieppe Retail,Sport TSRECNET Recreation Volleyball Net,80115,10,5,10
10589,Dieppe Retail,Sportcraft Stadium Seat - Black,91572,10,5,10
10177,Dieppe Retail,Standard Hiking Backpack,11179,10,5,10
10178,Dieppe Retail,Standard Hiking Backpack,11180,10,5,10
10727,Dieppe Retail,Storm Bucket Hat,30006,10,5,10
10725,Dieppe Retail,Storm Hat,30004,10,5,10
10158,Dieppe Retail,Stove,11160,10,5,10
10157,Dieppe Retail,Stove,11159,10,5,10
10751,Dieppe Retail,Stratus Tech Glove,30008,10,5,10
10737,Dieppe Retail,Stratus Tech Ladies Glove,30008,10,5,10
10656,Dieppe Retail,Sun Dolphin Journey 10 SS Sit-On Angler Kayak Grass  Paddle Included,28976,10,5,10
10022,Dieppe Retail,Super Tacks 2.0 Grip Senior Hockey Stick,60022,10,5,10
10017,Dieppe Retail,Super Tacks AS1 Grip Senior Hockey Stick,60017,10,5,10
10009,Dieppe Retail,Super Tacks AS1 Junior Ice Hockey Skates,60009,10,5,10
10001,Dieppe Retail,Super Tacks AS1 Senior Ice Hockey Skates,60001,10,5,10
10084,Dieppe Retail,Super Tacks Senior Hockey Elbow Pads,60084,10,5,10
10043,Dieppe Retail,Super Tacks Senior Hockey Gloves,60043,10,5,10
10057,Dieppe Retail,Super Tacks Senior Hockey Pants,60057,10,5,10
10075,Dieppe Retail,Super Tacks Senior Hockey Shoulder Pads,60075,10,5,10
10083,Dieppe Retail,Supreme 1S Senior Hockey Elbow Pads,60083,10,5,10
10044,Dieppe Retail,Supreme 1S Senior Hockey Gloves,60044,10,5,10
10078,Dieppe Retail,Supreme 1S Senior Hockey Shin Guards,60078,10,5,10
10074,Dieppe Retail,Supreme 1S Senior Hockey Shoulder Pads,60074,10,5,10
10016,Dieppe Retail,Supreme 2S Pro Grip Senior Hockey Stick,60016,10,5,10
10008,Dieppe Retail,Supreme 2S Pro Junior Ice Hockey Skates,60008,10,5,10
10109,Dieppe Retail,Supreme 2S Pro Senior Goalie Chest & Arm Protector,60109,10,5,10
10106,Dieppe Retail,Supreme 2S Pro Senior Goalie Glove,60106,10,5,10
10102,Dieppe Retail,Supreme 2S Pro Senior Goalie Leg Pads,60102,10,5,10
10002,Dieppe Retail,Supreme 2S Pro Senior Ice Hockey Skates,60002,10,5,10
10005,Dieppe Retail,Supreme 2S Senior Ice Hockey Skates,60005,10,5,10
10722,Dieppe Retail,Supreme Cart Bag,30001,10,5,10
10012,Dieppe Retail,Supreme S190 Junior Ice Hockey Skates,60012,10,5,10
10046,Dieppe Retail,Supreme S190 Senior Hockey Gloves,60046,10,5,10
10555,Dieppe Retail,SV5WSC Sensi-Tec Composite Volleyball,34777,10,5,10
10100,Dieppe Retail,Synthetic Ice,60100,10,5,10
10099,Dieppe Retail,Synthetic Ice,60099,10,5,10
10051,Dieppe Retail,Tacks 4 Roll Pro Senior Hockey Gloves,60051,10,5,10
10053,Dieppe Retail,Tacks 5092 Senior Hockey Gloves,60053,10,5,10
10087,Dieppe Retail,Tacks 7092 Senior Hockey Elbow Pads,60087,10,5,10
10050,Dieppe Retail,Tacks 7092 Senior Hockey Gloves,60050,10,5,10
10061,Dieppe Retail,Tacks 7092 Senior Hockey Pants,60061,10,5,10
10081,Dieppe Retail,Tacks 7092 Senior Hockey Shin Guards,60081,10,5,10
10028,Dieppe Retail,Tacks 710 Hockey Helmet,60028,10,5,10
10007,Dieppe Retail,Tacks 9080 Senior Ice Hockey Skates,60007,10,5,10
10636,Dieppe Retail,TACTICAL VEST MED-2XL BLK,60664,10,5,10
10605,Dieppe Retail,Tandem Sport Volleyball Passing Sleeve  Black  Small/Medium,75370,10,5,10
10726,Dieppe Retail,TaylorMade Beanie,30005,10,5,10
10591,Dieppe Retail,Team Bag,78034,10,5,10
10575,Dieppe Retail,Team Elite Crossover Backpack - Black,43913,10,5,10
10491,Dieppe Retail,"Telescoping Portable Hoop System - 44"" Eco-Composite",12151,10,5,10
10448,Dieppe Retail,TF-1000 Legacy Basketball,12108,10,5,10
10453,Dieppe Retail,TF-250 Indoor-Outdoor Basketball,12113,10,5,10
10452,Dieppe Retail,TF-500 Indoor Basketball,12112,10,5,10
10470,Dieppe Retail,The Beast Glass Portable Basketball Hoop System,12130,10,5,10
10767,Dieppe Retail,TP Black Copper COlleciton Ardmore 3,30035,10,5,10
10405,Dieppe Retail,TP Black Copper Collection Ardmore 3,52806,10,5,10
10406,Dieppe Retail,TP Black Copper Collection Juno,52807,10,5,10
10764,Dieppe Retail,TP Black Copper Collection Juno,30032,10,5,10
10766,Dieppe Retail,TP Black Copper Collection Mullen 2,30034,10,5,10
10403,Dieppe Retail,TP Black Copper Collection Mullen 2,52804,10,5,10
10404,Dieppe Retail,TP Black Copper Collection Soto,52805,10,5,10
10765,Dieppe Retail,TP Black Copper Collection Soto,30033,10,5,10
10437,Dieppe Retail,TP Collection Ardmore,52838,10,5,10
10435,Dieppe Retail,TP Collection Balboa,52836,10,5,10
10436,Dieppe Retail,TP Collection Chaska,52837,10,5,10
10438,Dieppe Retail,TP Collection Mullen,52839,10,5,10
10422,Dieppe Retail,TP Red Collection Ardmore,52823,10,5,10
10420,Dieppe Retail,"TP Red Collection Ardmore 2 ""L"" Neck",52821,10,5,10
10419,Dieppe Retail,"TP Red Collection Ardmore 2 ""L"" Neck",52820,10,5,10
10421,Dieppe Retail,TP Red Collection Ardmore 3,52822,10,5,10
10423,Dieppe Retail,TP Red Collection Ardmore Center Shaft,52824,10,5,10
10424,Dieppe Retail,TP Red Collection Chaska,52825,10,5,10
10398,Dieppe Retail,TP Red-White Ardmore,52799,10,5,10
10399,Dieppe Retail,TP Red-White Ardmore 2,52800,10,5,10
10400,Dieppe Retail,TP Red-White Ardmore 3,52801,10,5,10
10752,Dieppe Retail,Tradition Lite Heather Hat,30008,10,5,10
10210,Dieppe Retail,Trinocular,11212,10,5,10
10209,Dieppe Retail,Trinocular,11211,10,5,10
10156,Dieppe Retail,Triple Sleeping Bag,11158,10,5,10
10530,Dieppe Retail,U-Turn Basketball Hoop Lift System,12190,10,5,10
10499,Dieppe Retail,U-Turn Basketball Hoop Lift System,12159,10,5,10
10481,Dieppe Retail,"U-Turn In-Ground Basketball Hoop System - 54"" Acrylic",12141,10,5,10
10509,Dieppe Retail,"U-Turn In-Ground Basketball Hoop System - 54"" Acrylic",12169,10,5,10
10508,Dieppe Retail,U-Turn In-Ground Glass Basketball Hoop System,12168,10,5,10
10486,Dieppe Retail,U-Turn In-Ground Glass Basketball Hoop System,12146,10,5,10
10472,Dieppe Retail,Ultimate Hybrid Portable Basketball Hoop System,12132,10,5,10
10471,Dieppe Retail,Ultimate Hybrid Portable Basketball Hoop System,12131,10,5,10
10023,Dieppe Retail,Ultra Tacks Pro Stock Hockey Stick,60023,10,5,10
10445,Dieppe Retail,Uncle Drew Mini Basketball - The Squad Goals,12105,10,5,10
10447,Dieppe Retail,Uncle Drew Outdoor Basketball - The Big Fella,12107,10,5,10
10444,Dieppe Retail,Uncle Drew Outdoor Basketball - The Icon,12104,10,5,10
10446,Dieppe Retail,Uncle Drew Outdoor Basketball - The Legend,12106,10,5,10
10915,Dieppe Retail,Under Amour Girls' Novelty ColdGear Leggings,70035,10,5,10
10919,Dieppe Retail,Under Amour Girls' Novelty ColdGear Leggings,70039,10,5,10
10918,Dieppe Retail,Under Amour Girls' Novelty ColdGear Leggings,70038,10,5,10
10917,Dieppe Retail,Under Amour Girls' Novelty ColdGear Leggings,70037,10,5,10
10913,Dieppe Retail,Under Amour Girls' Novelty ColdGear Leggings,70033,10,5,10
10916,Dieppe Retail,Under Amour Girls' Novelty ColdGear Leggings,70036,10,5,10
10914,Dieppe Retail,Under Amour Girls' Novelty ColdGear Leggings,70034,10,5,10
10942,Dieppe Retail,Under Amour Youth Team OTC Socks,70062,10,5,10
10943,Dieppe Retail,Under Amour Youth Team OTC Socks,70063,10,5,10
10576,Dieppe Retail,Under Armour Dual Action Pump with Guage,46423,10,5,10
10988,Dieppe Retail,Under Armour Dual-Action Ball Pump,70108,10,5,10
10556,Dieppe Retail,Under Armour Manhattan Beach Volleyball,43456,10,5,10
10899,Dieppe Retail,Under Armour Men's Challenger II T-Shirt,70019,10,5,10
10898,Dieppe Retail,Under Armour Men's Challenger II T-Shirt,70018,10,5,10
10897,Dieppe Retail,Under Armour Men's Challenger II T-Shirt,70017,10,5,10
10894,Dieppe Retail,Under Armour Men's ColdGear Armor Mock Compression,70014,10,5,10
10896,Dieppe Retail,Under Armour Men's ColdGear Armor Mock Compression,70016,10,5,10
10895,Dieppe Retail,Under Armour Men's ColdGear Armor Mock Compression,70015,10,5,10
10893,Dieppe Retail,Under Armour Men's ColdGear Armor Mock Compression,70013,10,5,10
10902,Dieppe Retail,Under Armour Men's ColdGear Fitted Crew,70022,10,5,10
10901,Dieppe Retail,Under Armour Men's ColdGear Fitted Crew,70021,10,5,10
10900,Dieppe Retail,Under Armour Men's ColdGear Fitted Crew,70020,10,5,10
10926,Dieppe Retail,Under Armour Mens' Challenger Tech Three Quarter Pants,70046,10,5,10
10923,Dieppe Retail,Under Armour Mens' ColdGear Compression Leggings,70043,10,5,10
10922,Dieppe Retail,Under Armour Mens' ColdGear Compression Leggings,70042,10,5,10
10921,Dieppe Retail,Under Armour Mens' ColdGear Compression Leggings,70041,10,5,10
10920,Dieppe Retail,Under Armour Mens' ColdGear Compression Leggings,70040,10,5,10
10981,Dieppe Retail,Under Armour Undeniable 3.0 Medium Duffle Bag,70101,10,5,10
10979,Dieppe Retail,Under Armour Undeniable 3.0 Medium Duffle Bag,70099,10,5,10
10978,Dieppe Retail,Under Armour Undeniable 3.0 Medium Duffle Bag,70098,10,5,10
10977,Dieppe Retail,Under Armour Undeniable 3.0 Medium Duffle Bag,70097,10,5,10
10976,Dieppe Retail,Under Armour Undeniable 3.0 Medium Duffle Bag,70096,10,5,10
10975,Dieppe Retail,Under Armour Undeniable 3.0 Medium Duffle Bag,70095,10,5,10
10974,Dieppe Retail,Under Armour Undeniable 3.0 Medium Duffle Bag,70094,10,5,10
10973,Dieppe Retail,Under Armour Undeniable 3.0 Medium Duffle Bag,70093,10,5,10
10972,Dieppe Retail,Under Armour Undeniable 3.0 Medium Duffle Bag,70092,10,5,10
10971,Dieppe Retail,Under Armour Undeniable 3.0 Medium Duffle Bag,70091,10,5,10
10970,Dieppe Retail,Under Armour Undeniable 3.0 Medium Duffle Bag,70090,10,5,10
10980,Dieppe Retail,Under Armour Undeniable 3.0 Medium Duffle Bag,70100,10,5,10
10925,Dieppe Retail,Under Armour Womens' ColdGear Leggings,70045,10,5,10
10924,Dieppe Retail,Under Armour Womens' ColdGear Leggings,70044,10,5,10
10495,Dieppe Retail,Universal Backboard Mounting Bracket,12155,10,5,10
10529,Dieppe Retail,Universal Backboard Mounting Bracket,12189,10,5,10
10520,Dieppe Retail,Universal Shot Trainer Training Aid,12180,10,5,10
10019,Dieppe Retail,Vapor 1X Griptac Senior Hockey Stick - '15 Model,60019,10,5,10
10013,Dieppe Retail,Vapor 1X Lite Griptac Senior Hockey Stick,60013,10,5,10
10041,Dieppe Retail,Vapor 1X Lite Pro Senior Hockey Gloves,60041,10,5,10
10082,Dieppe Retail,Vapor 1X Lite Senior Hockey Elbow Pads,60082,10,5,10
10077,Dieppe Retail,Vapor 1X Lite Senior Hockey Shin Guards,60077,10,5,10
10073,Dieppe Retail,Vapor 1X Lite Senior Hockey Shoulder Pads,60073,10,5,10
10103,Dieppe Retail,Vapor 1X OD1N Pro Senior Goalie Leg Pads - '17 Model,60103,10,5,10
10108,Dieppe Retail,Vapor 1X Pro Senior Goalie Blocker - '17 Model,60108,10,5,10
10052,Dieppe Retail,Vapor APX2 Senior Hockey Gloves,60052,10,5,10
10059,Dieppe Retail,Vapor APX2 Senior Hockey Pants,60059,10,5,10
10063,Dieppe Retail,Vapor Large Pro Carry Hockey Equipment Bag,60063,10,5,10
10064,Dieppe Retail,Vapor Medium Pro Carry Hockey Equipment Bag,60064,10,5,10
10054,Dieppe Retail,Vapor X800 Lite Senior Hockey Gloves,60054,10,5,10
10010,Dieppe Retail,Vapor X900 Junior Ice Hockey Skates - '17 Model,60010,10,5,10
10086,Dieppe Retail,Vapor X900 Lite Senior Hockey Elbow Pads,60086,10,5,10
10047,Dieppe Retail,Vapor X900 Lite Senior Hockey Gloves,60047,10,5,10
10006,Dieppe Retail,Vapor X900 Senior Ice Hockey Skates,60006,10,5,10
10560,Dieppe Retail,Volleyball Match Knee Pads,19371,10,5,10
10579,Dieppe Retail,Volleyball Practice Platforms - Black,69602,10,5,10
10565,Dieppe Retail,VS-1 Knee Pad - Black,96547,10,5,10
10610,Dieppe Retail,Water Sports ItzaVolleyball Beach and Pool Volleyball (colors vary),71578,10,5,10
10534,Dieppe Retail,WHISTLES,12194,10,5,10
10089,Dieppe Retail,White Stick Tape,60089,10,5,10
10091,Dieppe Retail,White Stick Tape,60091,10,5,10
10443,Dieppe Retail,WNBA Replica Outdoor Basketball,12103,10,5,10
10776,Dieppe Retail,Woman's Dry Training,21525,10,5,10
10794,Dieppe Retail,"Women's 10"" Dry Essential Basketball Shorts",25252,10,5,10
10823,Dieppe Retail,"Women's 3"" Dry Running Shorts",25412,10,5,10
10784,Dieppe Retail,"Women's 3"" Dry Tempo Core Running Shorts",24212,10,5,10
10786,Dieppe Retail,"Women's 3"" Dry Tempo Running Shorts",44141,10,5,10
10792,Dieppe Retail,"Women's 3"" Heatherized Tempo Shorts",42424,10,5,10
10829,Dieppe Retail,"Women's 5"" Attack Training Shorts",51282,10,5,10
10830,Dieppe Retail,"Women's 5"" Intertwist Shorts",25127,10,5,10
10712,Dieppe Retail,Women's Burton Avalon Bib Pant - HIC,20032,10,5,10
10711,Dieppe Retail,Women's Burton Avalon Bib Pant - NVM,20031,10,5,10
10714,Dieppe Retail,Women's Burton Avalon Bib Pant - ROS,20034,10,5,10
10713,Dieppe Retail,Women's Burton Avalon Bib Pant - TRB,20033,10,5,10
10252,Dieppe Retail,Women's Burton Coco Snowboard Boot,10644,10,5,10
10245,Dieppe Retail,Women's Burton Felix Boa Snowboard Boot,13179,10,5,10
10703,Dieppe Retail,Women's Burton Gloria - BAL,20014,10,5,10
10704,Dieppe Retail,Women's Burton Gloria - CAN,20015,10,5,10
10702,Dieppe Retail,Women's Burton Gloria - CLV,20013,10,5,10
10700,Dieppe Retail,Women's Burton Gloria - FEL,20011,10,5,10
10708,Dieppe Retail,Women's Burton Gloria - PRI,20019,10,5,10
10701,Dieppe Retail,Women's Burton Gloria - PRT,20012,10,5,10
10710,Dieppe Retail,Women's Burton Gloria - ROS,20021,10,5,10
10709,Dieppe Retail,Women's Burton Gloria - SQU,20020,10,5,10
10705,Dieppe Retail,Women's Burton Gloria - STT,20016,10,5,10
10706,Dieppe Retail,Women's Burton Gloria - TRB,20017,10,5,10
10707,Dieppe Retail,Women's Burton Gloria - TRO,20018,10,5,10
10247,Dieppe Retail,Women's Burton Limelight Boa Snowboard Boot,15087,10,5,10
10249,Dieppe Retail,Women's Burton Limelight Snowboard Boot,10621,10,5,10
10246,Dieppe Retail,Women's Burton Mint Boa Snowboard Boot,13177,10,5,10
10251,Dieppe Retail,Women's Burton Mint Snowboard Boot,10627,10,5,10
10718,Dieppe Retail,Women's Burton Moonbase Full-Zip - MOS,20052,10,5,10
10717,Dieppe Retail,Women's Burton Moonbase Full-Zip - ROS,20051,10,5,10
10715,Dieppe Retail,Women's Burton One Peace One Piece - FLC,20041,10,5,10
10716,Dieppe Retail,Women's Burton One Peace One Piece - HIC,20042,10,5,10
10254,Dieppe Retail,Women's Burton Ritual LTD Snowboard Boot,17125,10,5,10
10250,Dieppe Retail,Women's Burton Ritual Snowboard Boot,10624,10,5,10
10248,Dieppe Retail,Women's Burton Supreme Snowboard Boot,10626,10,5,10
10253,Dieppe Retail,Women's Burton Toaster Snowboard Boot Liner,17127,10,5,10
10832,Dieppe Retail,Women's Cool Dry Tempo Running Shorts,57128,10,5,10
10856,Dieppe Retail,Women's Crew Running Shorts,12512,10,5,10
10813,Dieppe Retail,"Women's Dry 5"" French Terry Attack Shorts",89523,10,5,10
10821,Dieppe Retail,Women's Dry Coral Printed Tempo Shorts,51278,10,5,10
10854,Dieppe Retail,"Women's Dry Floral Printed 3"" Tempo Running",26333,10,5,10
10853,Dieppe Retail,Women's Dry High Cut Tempo Running Shorts,27033,10,5,10
10778,Dieppe Retail,Women's Dry Legend Training T-Shirt,25412,10,5,10
10810,Dieppe Retail,Women's Dry Party Pack Tempo Running Shorts,25128,10,5,10
10858,Dieppe Retail,Women's Dry Tempo Americana Running Shorts,32362,10,5,10
10773,Dieppe Retail,Women's Dry Tomboy Cross-Dye Tank Top,22294,10,5,10
10780,Dieppe Retail,Women's Dry Veneer Training Tank Top,14212,10,5,10
10863,Dieppe Retail,Women's Essential Full Zip Running Jacket,74743,10,5,10
10865,Dieppe Retail,Women's Essential Full Zip Running Vest,12512,10,5,10
10873,Dieppe Retail,Women's Essential Hooded Running Jacket,23623,10,5,10
10255,Dieppe Retail,Women's Felix Step On Bundle,17286,10,5,10
10808,Dieppe Retail,Women's Flex 2-in-1 Training Shorts,61249,10,5,10
10842,Dieppe Retail,Women's Gym Vintage Shorts,75347,10,5,10
10771,Dieppe Retail,Women's Legend Drif-Fit Fleck T-Shirt,51292,10,5,10
10256,Dieppe Retail,Women's Limelight Step On Bundle,17288,10,5,10
10837,Dieppe Retail,"Women's Plus Size 3"" Dry Tempo Shorts",47545,10,5,10
10807,Dieppe Retail,"Women's Plus Size Dry 3"" Tempo Running Shorts",26163,10,5,10
10841,Dieppe Retail,Women's Plus Size Flex Training Shorts,32763,10,5,10
10719,Dieppe Retail,Women's Premium Ellmore Pullover - MOI,20061,10,5,10
10720,Dieppe Retail,Women's Premium Ellmore Pullover - ROS,20062,10,5,10
10834,Dieppe Retail,"Women's Pro 3"" Printed Shorts",58752,10,5,10
10815,Dieppe Retail,"Women's Pro 3"" Shorts",35235,10,5,10
10828,Dieppe Retail,"Women's Pro 3"" Training Shorts",24781,10,5,10
10799,Dieppe Retail,"Women's Pro Deluxe 3"" Shorts",23474,10,5,10
10781,Dieppe Retail,Women's Pro Deluxe Tank Top,32533,10,5,10
10811,Dieppe Retail,"Women's Pro Dri-FIT 3"" Shorts",20912,10,5,10
10839,Dieppe Retail,"Women's Pro Dri-FIT 5"" Training Shorts",36236,10,5,10
10802,Dieppe Retail,"Women's Pro Dri-FIT 8"" Training Shorts",34734,10,5,10
10803,Dieppe Retail,"Women's Pro Dri-FIT Feather Printed 3"" Shorts",23623,10,5,10
10876,Dieppe Retail,Women's Repellent Golf Vest,75432,10,5,10
10878,Dieppe Retail,Women's Sportswear Newsprint Half-Zip Jacket,78323,10,5,10
10869,Dieppe Retail,Women's Sportswear Sherpa Windrunner Jacket,85455,10,5,10
10861,Dieppe Retail,Women's Sportswear Windrunner Jacket,32519,10,5,10
10870,Dieppe Retail,Women's Sportswear Windrunner Reversible Jacket,54654,10,5,10
10871,Dieppe Retail,Women's Therma Sherpa Full Zip Jacket,15252,10,5,10
10570,Dieppe Retail,Women's Wave Lightning Z3 Indoor Court Shoes - Black/Yellow,72449,10,5,10
10568,Dieppe Retail,Women's Wave Lightning Z4 Indoor Court Shoes - Pink/Silver,38901,10,5,10
10572,Dieppe Retail,Women's Wave Tornado X Indoor Court Shoes - Black/Purple,11819,10,5,10
10805,Dieppe Retail,"Womens' 5"" Dri-FIT Attack Training Shorts",23743,10,5,10
10335,Dieppe Retail,Wood Wood Driver,52736,10,5,10
10303,Dieppe Retail,WORKOUT LO RIPPLE,53260,10,5,10
10301,Dieppe Retail,WORKOUT PLUS MU,42840,10,5,10
10616,Dieppe Retail,WPN Killabeez Practice Grade .68 Caliber Paintballs 2000 Count,49672,10,5,10
10615,Dieppe Retail,WPN Weapons Grade .68 Caliber Paintballs 2000 Count,54734,10,5,10
10488,Dieppe Retail,Youth One-On-One Portable Basketball Hoop System,12148,10,5,10
10513,Dieppe Retail,Youth One-On-One Portable Basketball Hoop System,12173,10,5,10
